Mr,Reginald,Deegan,Deegan Machinery Ltd
Miss,Angela,Newsome,Newsome Publishing Ltd
Mr,Darryl,Morton,Morton Cameras Ltd
Mrs,Mary,Delap,Delap Coaches Ltd
Mr,Benjamin,Morton,Morton Demolition Ltd
Miss,Hayley,Barker,Barker Scooters Ltd
Mr,Oliver,Grange,Countrywide Boiler Repairs Ltd
Ms,Denise,Nesmith,Nesmith Coaches Ltd
Mr,Frederick,Fairclough,Fairclough Workwear Ltd
Mrs,Tracy,Adcock,Adcock Camping Supplies Ltd
Mr,Aaron,Ward,Ward Cakes Ltd
Mrs,Mary,Sylvester,Sylvester Photography Ltd
Mr,Mark,Purvis,Purvis Foodstuffs Ltd
Miss,Rachel,Wilton,Wilton Cash & Carry Ltd
Mr,Andrew,Radcliffe,Radcliffe Plant Hire Ltd
Ms,Sally,Hallwood,Hallwood Accountancy Services Ltd
Mr,Toby,Newsome,Newsome Office Furniture Ltd
Mrs,Caroline,Patterson,Patterson Removals Ltd
Mr,Roger,Fairclough,Fairclough Sporting Goods Ltd
Miss,Margaret,Addison,On Point Manufacturing Ltd
Mr,Aaron,Abraham,Abraham Showrooms Ltd
Miss,Cynthia,Webb,Webb Refrigeration Ltd
Mr,Kenneth,Addison,Addison Compressors Ltd
Mrs,Xaria,Jenkins,Craft Insulation Services Ltd
Mr,Timothy,Ramsden,Ramsden Brewery Ltd
Mrs,Megan,Murphy,Murphy Express Ltd
Mr,Dennis,Unsworth,Unsworth Builders Ltd
Ms,Rose,Houston,Houston Watches Ltd
Mr,Rodney,Grant,Grant Advertising Ltd
Mrs,Rita,O'Connor,O'Connor Home Services Ltd
Mr,Benjamin,Vardy,Ultimate Cosmetics Ltd
Ms,Marie,Sandler,Sandler Technical Services Ltd
Mr,Ivan,Vardy,Vardy Cosmetics Ltd
Mrs,Paula,Rowley,Rowley Tractors Ltd
Mr,Julian,Yeager,Silver Publications Ltd
Ms,Maria,Boyes,Boyes Scaffolding Ltd
Mr,Quentin,Clayton,Diamond Fixings Ltd
Mrs,Norma,Glover,Glover Delivery Network Ltd
Mr,Frank,Gimley,Gimley Publications Ltd
Ms,Adele,Reed,South Side Automations Ltd
Mr,Kevin,Rimshaw,Rimshaw Delivery Network Ltd
Ms,Olivia,Mack,Mack Textiles Ltd
Mr,Thomas,Mulgroon,Mulgroon Plant Hire Ltd
Miss,Cindy,Webber,Webber Flooring Ltd
Mr,Julian,Holt,Holt Cars Ltd
Mrs,Lucy,Rathbone,Rathbone Software Ltd
Mr,Zak,Randall,Randall Cars Ltd
Ms,Catherine,Rawlinson,Rawlinson Hire Cars Ltd
Mr,Christopher,Cunningham,Cunningham Pet Supplies Ltd
Mrs,Tammy,Hogan,Hogan Motorcycles Ltd