Mr,Jack,Carter,Carter Car Repairs Ltd
Ms,Lena,Jagger,Jagger Removals Ltd
Mr,Benjamin,Ingols,Ingols Kitchens Ltd
Mrs,Rachel,Oakey,Oakey Demolition Ltd
Mr,Roger,Xanda,Xanda Fixings Ltd
Miss,Jessica,Johns,On Top Advertising Ltd
Mr,Zane,Dreyfus,Dreyfus Pet Supplies Ltd
Miss,Bethany,Delap,Quality Sprayers Ltd
Mr,Jamie,Hanley,Hanley Beauty Treatments Ltd
Miss,Tammy,Wilton,Wilton Transport Ltd
Mr,John,Hart,Hart Engineering Ltd
Mrs,Anna,Patel,Patel Networks Ltd
Mr,Clifford,Cartwright,Cartwright Signs Ltd
Miss,Fiona,Ingram,Ingram Networks Ltd
Mr,Karl,Zuckerman,Zuckerman Waste Services Ltd
Miss,Andrea,Venn,Venn Travel Ltd
Mr,Alexander,Wardman,East Side Plastics Ltd
Mrs,Janice,Templeman,Templeman Cash & Carry Ltd
Mr,Darryl,Adams,Adams Cameras Ltd
Mrs,Cathy,Andrews,Andrews Entertainment Ltd
Mr,Karl,James,James Automotive Ltd
Mrs,Tiffany,Mack,South Side Furniture Ltd
Mr,Quincy,Ratner,Stellar Health Products Ltd
Ms,Emily,Farrow,Farrow Foodstuffs Ltd
Mr,Geoffrey,Kinnear,Kinnear Insurance Brokers Ltd
Ms,Tanya,Johnston,Johnston Trading Ltd
Mr,Darryl,Nesbitt,Nesbitt Fitness Products Ltd
Ms,Norma,Barker,Quality Tractors Ltd
Mr,Jimmy,Clayton,Clayton Carpenters Ltd
Ms,Tia,Trussell,Expert Security Ltd
Mr,Lewis,Wagstaff,Wagstaff Carpenters Ltd
Miss,Sarah,Boyes,Sterling Cabs Ltd
Mr,Henry,Simmons,Simmons Automotive Ltd
Miss,Violet,Phelan,Phelan Video Services Ltd
Mr,Barry,Adcock,Adcock Brewery Ltd
Ms,Ruth,Gatfield,Eastwood Timepieces Ltd
Mr,Marcus,Macavoy,Macavoy Furnishings Ltd
Miss,Isabelle,Dawson,Dawson Carpenters Ltd
Mr,Adam,Hadfield,Hadfield Electricals Ltd
Ms,Anna,Wrapson,South View Travel Ltd
Mr,Timothy,Norton,Norton Beverages Ltd
Miss,Rose,Ashdown,Ashdown Accountancy Services Ltd
Mr,Darryl,Grant,Grant Florists Ltd
Ms,Alison,Lennon,Lennon Double Glazing Ltd
Mr,Geoffrey,Adams,Adams Furniture Ltd
Mrs,Kathy,Keats,Keats Promotions Ltd
Mr,Gary,Patel,Patel Waste Services Ltd
Miss,Linda,Zuckerman,Zuckerman Delivery Network Ltd
Mr,Rodney,Cook,Cook Arts Ltd
Miss,Adele,Whittaker,Whittaker Florists Ltd